name,first_name,email,company,title,website,notes,industry,company_size,persona,priority,insight,value_prop,email_subject,email_body,status,last_response,response_category,tech_stack,job_title
Mitu Ahmed,Mitu,mitu.ahmed@example.com,QuantumStack,,https://quantumstack.com,,Software Development,Small - Medium,Developer/Tech Lead,75,"QuantumStack likely uses modern tech, focus on their tech stack.",Understand their tech stack to tailor a solution.,Quick idea for QuantumStack,"Hi Mitu,

I noticed QuantumStack QuantumStack likely uses modern tech, focus on their tech stack.. We help Developer/Tech Lead teams save time by Understand their tech stack to tailor a solution..

Would you be open to a quick chat next week? Happy to share a short demo tailored to QuantumStack.

Best,
Acme SDR",Replied,Tm8gdGhhbmtzLg==,Bounce,"Likely includes Javascript, Python, Cloud Technologies",
Zara Hasan,Zara,zara.hasan@acme.io,DeltaSoft,,https://deltasoft.com,lead from webform,Software,51-200 employees,Marketing Manager,75,Interested in potential software solutions.,We can provide tailored software solutions to improve your marketing efforts.,Quick idea for DeltaSoft,"Hi Zara,

I noticed DeltaSoft Interested in potential software solutions.. We help Marketing Manager teams save time by We can provide tailored software solutions to improve your marketing efforts..

Would you be open to a quick chat next week? Happy to share a short demo tailored to DeltaSoft.

Best,
Acme SDR",Sent,,No Response Yet,,Marketing Manager
Aisha Ahmed,Aisha,aisha.ahmed@globex.com,BlueEagle,COO,https://blueeagle.com,lead from webform,,,COO,75,Aisha Ahmed is a senior executive at BlueEagle.,Connect with a COO at a growing company.,Quick idea for BlueEagle,"Hi Aisha,

I noticed BlueEagle Aisha Ahmed is a senior executive at BlueEagle.. We help COO teams save time by Connect with a COO at a growing company..

Would you be open to a quick chat next week? Happy to share a short demo tailored to BlueEagle.

Best,
Acme SDR",Sent,,No Response Yet,,
Farhan Hossain,Farhan,farhan.hossain@starkindustries.com,UrbanAI,Growth Lead,https://urbanai.com,,,,Growth Lead,75,UrbanAI likely focuses on growth-related AI solutions.,Potential for scaling growth initiatives with AI-powered insights.,Quick idea for UrbanAI,"Hi Farhan,

I noticed UrbanAI UrbanAI likely focuses on growth-related AI solutions.. We help Growth Lead teams save time by Potential for scaling growth initiatives with AI-powered insights..

Would you be open to a quick chat next week? Happy to share a short demo tailored to UrbanAI.

Best,
Acme SDR",Sent,,No Response Yet,,
Fahim Hossain,Fahim,fahim.hossain@wayneenterprises.com,UrbanAI,IT Manager,https://urbanai.com,,,,IT Manager at UrbanAI,75,UrbanAI likely focuses on AI solutions for urban environments.,Potential solutions for optimizing urban infrastructure and services.,Quick idea for UrbanAI,"Hi Fahim,

I noticed UrbanAI UrbanAI likely focuses on AI solutions for urban environments.. We help IT Manager at UrbanAI teams save time by Potential solutions for optimizing urban infrastructure and services..

Would you be open to a quick chat next week? Happy to share a short demo tailored to UrbanAI.

Best,
Acme SDR",Sent,,No Response Yet,,
Maya Chowdhury,Maya,maya.chowdhury@starkindustries.com,DeltaSoft,CTO,https://deltasoft.com,lead from webform,,,CTO,75,Interested CTO at a software company.,Explore potential solutions for DeltaSoft's technology needs.,Quick idea for DeltaSoft,"Hi Maya,

I noticed DeltaSoft Interested CTO at a software company.. We help CTO teams save time by Explore potential solutions for DeltaSoft's technology needs..

Would you be open to a quick chat next week? Happy to share a short demo tailored to DeltaSoft.

Best,
Acme SDR",Sent,,No Response Yet,,
Maya Chowdhury,Maya,maya.chowdhury@wayneenterprises.com,NovaWorks,Product Manager,https://novaworks.com,lead from webform,,,Product Manager,75,NovaWorks is a potential customer interested in our product offerings.,We can help NovaWorks optimize their product management processes.,Quick idea for NovaWorks,"Hi Maya,

I noticed NovaWorks NovaWorks is a potential customer interested in our product offerings.. We help Product Manager teams save time by We can help NovaWorks optimize their product management processes..

Would you be open to a quick chat next week? Happy to share a short demo tailored to NovaWorks.

Best,
Acme SDR",Sent,,No Response Yet,,
Aisha Khan,Aisha,aisha.khan@weyland.com,NextGen Labs,Growth Lead,https://nextgen labs.com,,,,Growth Lead,75,"Aisha is a Growth Lead at NextGen Labs, likely focused on scaling their business.",Connect with Aisha to discuss strategies for growth and scaling your innovative solutions.,Quick idea for NextGen Labs,"Hi Aisha,

I noticed NextGen Labs Aisha is a Growth Lead at NextGen Labs, likely focused on scaling their business.. We help Growth Lead teams save time by Connect with Aisha to discuss strategies for growth and scaling your innovative solutions..

Would you be open to a quick chat next week? Happy to share a short demo tailored to NextGen Labs.

Best,
Acme SDR",Sent,,No Response Yet,,
Priya Khan,Priya,priya.khan@hooli.com,BlueEagle,,https://blueeagle.com,lead from webform,Software,100-500 employees,Marketing Manager,75,"Lead expressed interest through a webform, suggesting initial engagement.",We can help BlueEagle scale their marketing efforts and drive growth.,Quick idea for BlueEagle,"Hi Priya,

I noticed BlueEagle Lead expressed interest through a webform, suggesting initial engagement.. We help Marketing Manager teams save time by We can help BlueEagle scale their marketing efforts and drive growth..

Would you be open to a quick chat next week? Happy to share a short demo tailored to BlueEagle.

Best,
Acme SDR",Sent,,No Response Yet,,Marketing Manager
Fahim Islam,Fahim,fahim.islam@wonka.co,RiverTech,Founder,https://rivertech.com,,,,Founder,75,Founder at RiverTech likely focused on growth and innovation.,Connecting with the founder can unlock strategic insights and potential partnerships.,Quick idea for RiverTech,"Hi Fahim,

I noticed RiverTech Founder at RiverTech likely focused on growth and innovation.. We help Founder teams save time by Connecting with the founder can unlock strategic insights and potential partnerships..

Would you be open to a quick chat next week? Happy to share a short demo tailored to RiverTech.

Best,
Acme SDR",Sent,,No Response Yet,,
Farhan Islam,Farhan,farhan.islam@cyberdyne.ai,CloudNest,,https://cloudnest.com,,Software,100-500,IT Decision Maker,75,CloudNest likely needs scalable cloud solutions.,We can provide tailored cloud solutions to optimize your operations.,Quick idea for CloudNest,"Hi Farhan,

I noticed CloudNest CloudNest likely needs scalable cloud solutions.. We help IT Decision Maker teams save time by We can provide tailored cloud solutions to optimize your operations..

Would you be open to a quick chat next week? Happy to share a short demo tailored to CloudNest.

Best,
Acme SDR",Sent,,No Response Yet,,CTO
Hassan Khan,Hassan,hassan.khan@acme.io,SolarWave,IT Manager,https://solarwave.com,,,,IT Manager,75,SolarWave likely needs IT solutions for their operations.,We can provide tailored IT solutions to optimize SolarWave's operations.,Quick idea for SolarWave,"Hi Hassan,

I noticed SolarWave SolarWave likely needs IT solutions for their operations.. We help IT Manager teams save time by We can provide tailored IT solutions to optimize SolarWave's operations..

Would you be open to a quick chat next week? Happy to share a short demo tailored to SolarWave.

Best,
Acme SDR",Sent,,No Response Yet,,
Mitu Chowdhury,Mitu,mitu.chowdhury@hooli.com,DataForge,Product Manager,https://dataforge.com,lead from webform,,,Product Manager,75,Interested in data solutions.,We help companies leverage data for strategic decision-making.,Quick idea for DataForge,"Hi Mitu,

I noticed DataForge Interested in data solutions.. We help Product Manager teams save time by We help companies leverage data for strategic decision-making..

Would you be open to a quick chat next week? Happy to share a short demo tailored to DataForge.

Best,
Acme SDR",Sent,,No Response Yet,,
Hassan Hossain,Hassan,hassan.hossain@oscorp.com,CloudNest,IT Manager,https://cloudnest.com,,,,IT Manager,75,CloudNest likely needs to scale their IT infrastructure.,Helping CloudNest optimize their IT solutions for growth.,Quick idea for CloudNest,"Hi Hassan,

I noticed CloudNest CloudNest likely needs to scale their IT infrastructure.. We help IT Manager teams save time by Helping CloudNest optimize their IT solutions for growth..

Would you be open to a quick chat next week? Happy to share a short demo tailored to CloudNest.

Best,
Acme SDR",Sent,,No Response Yet,,
Jahid Ahmed,Jahid,jahid.ahmed@wayneenterprises.com,UrbanAI,Founder,https://urbanai.com,lead from webform,,,Founder,75,UrbanAI is a potential AI solution provider.,Connect with Jahid to explore AI solutions for your business.,Quick idea for UrbanAI,"Hi Jahid,

I noticed UrbanAI UrbanAI is a potential AI solution provider.. We help Founder teams save time by Connect with Jahid to explore AI solutions for your business..

Would you be open to a quick chat next week? Happy to share a short demo tailored to UrbanAI.

Best,
Acme SDR",Sent,,No Response Yet,,
Mitu Islam,Mitu,mitu.islam@wonka.co,BlueEagle,Head of Ops,https://blueeagle.com,,,,Head of Operations,75,Focus on operational efficiency and cost reduction.,Streamline operations and reduce operational costs.,Quick idea for BlueEagle,"Hi Mitu,

I noticed BlueEagle Focus on operational efficiency and cost reduction.. We help Head of Operations teams save time by Streamline operations and reduce operational costs..

Would you be open to a quick chat next week? Happy to share a short demo tailored to BlueEagle.

Best,
Acme SDR",Sent,,No Response Yet,,
Rahim Rahman,Rahim,rahim.rahman@globex.com,BrightPath,,https://brightpath.com,lead from webform,Technology,51-200 employees,Business Decision Maker,75,Rahim is likely exploring solutions for his company.,We can tailor a solution to address BrightPath's specific needs.,Quick idea for BrightPath,"Hi Rahim,

I noticed BrightPath Rahim is likely exploring solutions for his company.. We help Business Decision Maker teams save time by We can tailor a solution to address BrightPath's specific needs..

Would you be open to a quick chat next week? Happy to share a short demo tailored to BrightPath.

Best,
Acme SDR",Sent,,No Response Yet,,Director
Lina Hasan,Lina,lina.hasan@umbrella.org,BlueEagle,CTO,https://blueeagle.com,,,,CTO,75,BlueEagle likely needs advanced tech solutions.,We can provide cutting-edge technology to drive innovation.,Quick idea for BlueEagle,"Hi Lina,

I noticed BlueEagle BlueEagle likely needs advanced tech solutions.. We help CTO teams save time by We can provide cutting-edge technology to drive innovation..

Would you be open to a quick chat next week? Happy to share a short demo tailored to BlueEagle.

Best,
Acme SDR",Replied,RGVsaXZlcnkgZmFpbGVkOiB1c2VyIG1haWxib3ggZnVsbCAoYm91bmNlKS4=,Other,,
Zara Hossain,Zara,zara.hossain@cyberdyne.ai,UrbanAI,CTO,https://urbanai.com,lead from webform,,,CTO,85,Interested in AI solutions for urban planning.,Our platform can optimize city operations and improve citizen engagement.,Quick idea for UrbanAI,"Hi Zara,

I noticed UrbanAI Interested in AI solutions for urban planning.. We help CTO teams save time by Our platform can optimize city operations and improve citizen engagement..

Would you be open to a quick chat next week? Happy to share a short demo tailored to UrbanAI.

Best,
Acme SDR",Replied,VGhhbmtzLCBidXQgd2UncmUgY292ZXJlZC4gVHJ5IGFnYWluIG5leHQgcXVhcnRlci4=,Unsubscribe,,
Hassan Islam,Hassan,hassan.islam@umbrella.org,DataForge,,https://dataforge.com,lead from webform,Data & Analytics,100-500 employees,Data Analyst/Data Engineer,75,DataForge likely needs data analytics solutions.,We can help DataForge improve their data insights and decision-making.,Quick idea for DataForge,"Hi Hassan,

I noticed DataForge DataForge likely needs data analytics solutions.. We help Data Analyst/Data Engineer teams save time by We can help DataForge improve their data insights and decision-making..

Would you be open to a quick chat next week? Happy to share a short demo tailored to DataForge.

Best,
Acme SDR",Replied,UGxlYXNlIHJlbW92ZSBtZSBmcm9tIHlvdXIgbWFpbGluZyBsaXN0IGFuZCB1bnN1YnNjcmliZS4=,Unsubscribe,,
Maya Hossain,Maya,maya.hossain@example.com,NextGen Labs,Founder,https://nextgen labs.com,lead from webform,,,Founder,75,New startup founder - high potential for growth.,Tailored solutions for innovative startups.,Quick idea for NextGen Labs,"Hi Maya,

I noticed NextGen Labs New startup founder - high potential for growth.. We help Founder teams save time by Tailored solutions for innovative startups..

Would you be open to a quick chat next week? Happy to share a short demo tailored to NextGen Labs.

Best,
Acme SDR",Replied,SGksIEknbSBpbnRlcmVzdGVkLiBDYW4gd2UgYm9vayBhIGNhbGwgbmV4dCBUdWVzZGF5Pw==,Unsubscribe,,
Niloy Ahmed,Niloy,niloy.ahmed@oscorp.com,UrbanAI,Head of Ops,https://urbanai.com,,,,Head of Operations,75,Focusing on operational efficiency for UrbanAI.,Streamline operations and optimize performance for UrbanAI.,Quick idea for UrbanAI,"Hi Niloy,

I noticed UrbanAI Focusing on operational efficiency for UrbanAI.. We help Head of Operations teams save time by Streamline operations and optimize performance for UrbanAI..

Would you be open to a quick chat next week? Happy to share a short demo tailored to UrbanAI.

Best,
Acme SDR",Replied,TGV0J3MgdGFsayDigJQgV2VkbmVzZGF5IGFmdGVybm9vbiB3b3Jrcy4=,Unsubscribe,,
Priya Islam,Priya,priya.islam@wayneenterprises.com,NextGen Labs,IT Manager,https://nextgen labs.com,,,,IT Manager,75,IT Manager at a growing tech company - potential for cloud migration or security solutions.,We can help NextGen Labs optimize their IT infrastructure and security.,Quick idea for NextGen Labs,"Hi Priya,

I noticed NextGen Labs IT Manager at a growing tech company - potential for cloud migration or security solutions.. We help IT Manager teams save time by We can help NextGen Labs optimize their IT infrastructure and security..

Would you be open to a quick chat next week? Happy to share a short demo tailored to NextGen Labs.

Best,
Acme SDR",Replied,Tm90IGludGVyZXN0ZWQgYXQgdGhlIG1vbWVudCwgdGhhbmtzLg==,Unsubscribe,,
Omar Ahmed,Omar,omar.ahmed@example.com,RiverTech,Growth Lead,https://rivertech.com,,,,Growth Lead,75,"Omar is a Growth Lead at RiverTech, likely focused on scaling their business.",Connect with Omar to discuss strategies for RiverTech's growth.,Quick idea for RiverTech,"Hi Omar,

I noticed RiverTech Omar is a Growth Lead at RiverTech, likely focused on scaling their business.. We help Growth Lead teams save time by Connect with Omar to discuss strategies for RiverTech's growth..

Would you be open to a quick chat next week? Happy to share a short demo tailored to RiverTech.

Best,
Acme SDR",Replied,T3V0IG9mIG9mZmljZSB1bnRpbCBuZXh0IHdlZWsuIFBsZWFzZSBmb2xsb3cgdXAgbGF0ZXIu,Unsubscribe,,
